Time_t,Potential_U,Minus_dU_dt,Kernel_Phi,Integrand,Cum_Lambda
0,100,35.993,1,35.993,0
0.05,96.471,69.177,0.9802,67.807,3.244
0.1,93.08,66.464,0.9608,63.858,7.358
0.15,89.823,63.858,0.9418,60.139,11.233
0.2,86.693,61.354,0.9231,56.637,14.882
0.25,83.686,58.949,0.9048,53.339,18.319
0.3,80.797,56.637,0.8869,50.233,21.556
0.35,78.021,54.416,0.8694,47.307,24.604
0.4,75.353,52.283,0.8521,44.552,27.475
0.45,72.791,50.233,0.8353,41.958,30.178
0.5,70.329,48.263,0.8187,39.514,32.724
0.55,67.963,46.371,0.8025,37.213,35.122
0.6,65.691,44.552,0.7866,35.046,37.38
0.65,63.507,42.805,0.7711,33.005,39.506
0.7,61.409,41.127,0.7558,31.083,41.509
0.75,59.393,39.514,0.7408,29.273,43.395
0.8,57.456,37.965,0.7261,27.568,45.172
0.85,55.596,36.476,0.7118,25.963,46.844
0.9,53.808,35.046,0.6977,24.451,48.42
0.95,52.09,33.672,0.6839,23.027,49.904
1,50.44,32.352,0.6703,21.686,51.301
1.05,48.854,31.083,0.657,20.423,52.617
1.1,47.33,29.864,0.644,19.234,53.856
1.15,45.867,28.693,0.6313,18.114,55.023
1.2,44.46,27.568,0.6188,17.059,56.122
1.25,43.109,26.487,0.6065,16.065,57.157
1.3,41.811,25.449,0.5945,15.13,58.132
1.35,40.564,24.451,0.5827,14.249,59.05
1.4,39.365,23.492,0.5712,13.419,59.915
1.45,38.214,22.571,0.5599,12.637,60.729
1.5,37.107,21.686,0.5488,11.902,61.496
1.55,36.045,20.836,0.5379,11.208,62.218
1.6,35.023,20.019,0.5273,10.556,62.898
1.65,34.042,19.234,0.5169,9.941,63.539
1.7,33.099,18.48,0.5066,9.362,64.142
1.75,32.194,17.755,0.4966,8.817,64.71
1.8,31.323,17.059,0.4868,8.303,65.245
1.85,30.487,16.39,0.4771,7.82,65.749
1.9,29.684,15.747,0.4677,7.364,66.224
1.95,28.912,15.13,0.4584,6.936,66.67
2,28.171,14.537,0.4493,6.532,67.091
2.05,27.458,13.967,0.4404,6.151,67.488
2.1,26.774,13.419,0.4317,5.793,67.861
2.15,26.116,12.893,0.4232,5.456,68.212
2.2,25.484,12.387,0.4148,5.138,68.544
2.25,24.877,11.902,0.4066,4.839,68.855
2.3,24.294,11.435,0.3985,4.557,69.149
2.35,23.733,10.986,0.3906,4.292,69.425
2.4,23.195,10.556,0.3829,4.042,69.686
2.45,22.677,10.142,0.3753,3.806,69.931
2.5,22.18,9.744,0.3679,3.585,70.162
2.55,21.703,9.362,0.3606,3.376,70.38
2.6,21.244,8.995,0.3535,3.179,70.584
2.65,20.803,8.642,0.3465,2.994,70.777
2.7,20.379,8.303,0.3396,2.82,70.959
2.75,19.972,7.978,0.3329,2.656,71.13
2.8,19.581,7.665,0.3263,2.501,71.291
2.85,19.206,7.364,0.3198,2.355,71.443
2.9,18.845,7.076,0.3135,2.218,71.586
2.95,18.498,6.798,0.3073,2.089,71.721
3,18.165,6.532,0.3012,1.967,71.847
3.05,17.844,6.276,0.2952,1.853,71.967
3.1,17.537,6.03,0.2894,1.745,72.079
3.15,17.241,5.793,0.2837,1.643,72.185
3.2,16.957,5.566,0.278,1.548,72.285
3.25,16.685,5.348,0.2725,1.457,72.379
3.3,16.423,5.138,0.2671,1.373,72.467
3.35,16.171,4.937,0.2618,1.293,72.55
3.4,15.929,4.743,0.2567,1.217,72.629
3.45,15.696,4.557,0.2516,1.146,72.703
3.5,15.473,4.378,0.2466,1.08,72.772
3.55,15.258,4.207,0.2417,1.017,72.838
3.6,15.052,4.042,0.2369,0.958,72.899
3.65,14.854,3.883,0.2322,0.902,72.958
3.7,14.664,3.731,0.2276,0.849,73.012
3.75,14.481,3.585,0.2231,0.8,73.064
3.8,14.305,3.444,0.2187,0.753,73.112
3.85,14.136,3.309,0.2144,0.709,73.158
3.9,13.974,3.179,0.2101,0.668,73.201
3.95,13.818,3.055,0.206,0.629,73.242
4,13.669,2.935,0.2019,0.593,73.28
4.05,13.525,2.82,0.1979,0.558,73.316
4.1,13.387,2.709,0.194,0.526,73.35
4.15,13.254,2.603,0.1901,0.495,73.382
4.2,13.126,2.501,0.1864,0.466,73.412
4.25,13.004,2.403,0.1827,0.439,73.44
4.3,12.886,2.309,0.1791,0.413,73.467
4.35,12.773,2.218,0.1755,0.389,73.492
4.4,12.664,2.131,0.172,0.367,73.515
4.45,12.559,2.048,0.1686,0.345,73.537
4.5,12.459,1.967,0.1653,0.325,73.558
4.55,12.363,1.89,0.162,0.306,73.578
4.6,12.27,1.816,0.1588,0.288,73.597
4.65,12.181,1.745,0.1557,0.272,73.614
4.7,12.096,1.676,0.1526,0.256,73.631
4.75,12.013,1.611,0.1496,0.241,73.646
4.8,11.934,1.548,0.1466,0.227,73.661
4.85,11.859,1.487,0.1437,0.214,73.675
4.9,11.786,1.429,0.1409,0.201,73.688
4.95,11.716,1.373,0.1381,0.19,73.7
5,11.648,1.319,0.1353,0.178,73.711
5.05,11.584,1.267,0.1327,0.168,73.722
5.1,11.522,1.217,0.13,0.158,73.732
5.15,11.462,1.17,0.1275,0.149,73.742
5.2,11.405,1.124,0.1249,0.14,73.751
5.25,11.35,1.08,0.1225,0.132,73.759
5.3,11.297,1.037,0.12,0.125,73.767
5.35,11.246,0.997,0.1177,0.117,73.775
5.4,11.197,0.958,0.1153,0.11,73.782
5.45,11.15,0.92,0.113,0.104,73.789
5.5,11.105,0.884,0.1108,0.098,73.795
5.55,11.062,0.849,0.1086,0.092,73.801
5.6,11.02,0.816,0.1065,0.087,73.807
5.65,10.98,0.784,0.1044,0.082,73.812
5.7,10.942,0.753,0.1023,0.077,73.817
5.75,10.905,0.724,0.1003,0.073,73.822
5.8,10.869,0.695,0.0983,0.068,73.826
5.85,10.835,0.668,0.0963,0.064,73.83
5.9,10.802,0.642,0.0944,0.061,73.834
5.95,10.771,0.617,0.0926,0.057,73.838
6,10.741,0.593,0.0907,0.054,73.841
6.05,10.712,0.569,0.0889,0.051,73.844
6.1,10.684,0.547,0.0872,0.048,73.848
6.15,10.657,0.526,0.0854,0.045,73.85
6.2,10.631,0.505,0.0837,0.042,73.853
6.25,10.606,0.485,0.0821,0.04,73.856
6.3,10.583,0.466,0.0805,0.038,73.858
6.35,10.56,0.448,0.0789,0.035,73.86
6.4,10.538,0.43,0.0773,0.033,73.863
6.45,10.517,0.413,0.0758,0.031,73.865
6.5,10.496,0.397,0.0743,0.03,73.866
6.55,10.477,0.382,0.0728,0.028,73.868
6.6,10.458,0.367,0.0714,0.026,73.87
6.65,10.44,0.352,0.0699,0.025,73.872
6.7,10.423,0.338,0.0686,0.023,73.873
6.75,10.406,0.325,0.0672,0.022,73.874
6.8,10.391,0.312,0.0659,0.021,73.876
6.85,10.375,0.3,0.0646,0.019,73.877
6.9,10.361,0.288,0.0633,0.018,73.878
6.95,10.346,0.277,0.062,0.017,73.879
7,10.333,0.266,0.0608,0.016,73.88
7.05,10.32,0.256,0.0596,0.015,73.881
7.1,10.307,0.246,0.0584,0.014,73.882
7.15,10.295,0.236,0.0573,0.014,73.883
7.2,10.284,0.227,0.0561,0.013,73.884
7.25,10.272,0.218,0.055,0.012,73.885
7.3,10.262,0.209,0.0539,0.011,73.885
7.35,10.252,0.201,0.0529,0.011,73.886
7.4,10.242,0.193,0.0518,0.01,73.887
7.45,10.232,0.186,0.0508,0.009,73.887
7.5,10.223,0.178,0.0498,0.009,73.888
7.55,10.214,0.171,0.0488,0.008,73.889
7.6,10.206,0.165,0.0478,0.008,73.889
7.65,10.198,0.158,0.0469,0.007,73.889
7.7,10.19,0.152,0.046,0.007,73.89
7.75,10.183,0.146,0.045,0.007,73.89
7.8,10.175,0.14,0.0442,0.006,73.891
7.85,10.169,0.135,0.0433,0.006,73.891
7.9,10.162,0.13,0.0424,0.005,73.892
7.95,10.156,0.125,0.0416,0.005,73.892
8,10.15,0.12,0.0408,0.005,73.892
8.05,10.144,0.115,0.04,0.005,73.892
8.1,10.138,0.11,0.0392,0.004,73.893
8.15,10.133,0.106,0.0384,0.004,73.893
8.2,10.127,0.102,0.0376,0.004,73.893
8.25,10.122,0.098,0.0369,0.004,73.893
8.3,10.118,0.094,0.0362,0.003,73.894
8.35,10.113,0.09,0.0354,0.003,73.894
8.4,10.109,0.087,0.0347,0.003,73.894
8.45,10.104,0.083,0.034,0.003,73.894
8.5,10.1,0.08,0.0334,0.003,73.894
8.55,10.096,0.077,0.0327,0.003,73.895
8.6,10.093,0.074,0.0321,0.002,73.895
8.65,10.089,0.071,0.0314,0.002,73.895
8.7,10.085,0.068,0.0308,0.002,73.895
8.75,10.082,0.066,0.0302,0.002,73.895
8.8,10.079,0.063,0.0296,0.002,73.895
8.85,10.076,0.061,0.029,0.002,73.895
8.9,10.073,0.058,0.0284,0.002,73.896
8.95,10.07,0.056,0.0279,0.002,73.896
9,10.067,0.054,0.0273,0.001,73.896
9.05,10.065,0.052,0.0268,0.001,73.896
9.1,10.062,0.05,0.0263,0.001,73.896
9.15,10.06,0.048,0.0257,0.001,73.896
9.2,10.057,0.046,0.0252,0.001,73.896
9.25,10.055,0.044,0.0247,0.001,73.896
9.3,10.053,0.042,0.0242,0.001,73.896
9.35,10.051,0.041,0.0238,0.001,73.896
9.4,10.049,0.039,0.0233,0.001,73.896
9.45,10.047,0.038,0.0228,0.001,73.896
9.5,10.045,0.036,0.0224,0.001,73.896
9.55,10.043,0.035,0.0219,0.001,73.896
9.6,10.042,0.033,0.0215,0.001,73.896
9.65,10.04,0.032,0.0211,0.001,73.897
9.7,10.038,0.031,0.0207,0.001,73.897
9.75,10.037,0.03,0.0202,0.001,73.897
9.8,10.035,0.028,0.0198,0.001,73.897
9.85,10.034,0.027,0.0194,0.001,73.897
9.9,10.033,0.026,0.0191,0,73.897
9.95,10.031,0.025,0.0187,0,73.897
10,10.03,0.024,0.0183,0,73.897
